date,dash_week_start,weekday,pod,postop_week,loaded_day,session_type,knee_session_min,knee_session_rpe,addon_session,addon_min,addon_rpe,floor_done,swelling_am,swelling_trend_vs_prev,pain_am,pain_session,pain_pm,extension_L,flexion_L_active,flexion_L_passive,patellar_sticking,crutches,hours_on_feet,gym_min_on_feet,gait_notes,body_mass_lb,adjuncts,notes
2026-09-10,2026-09-06,Thu,17,3,Y,home 2 sets,,,,,,partial,~50% resolved,improving,2,0,0,~symmetric (self),~115 (est),,none,2 (no limp); 1 = heavy limp,,,,,LLLT 20m,Dashboard initialized; Phase 1 gates all met -> Phase 2; first loading session
2026-09-11,2026-09-06,Fri,18,3,Y,PT visit 5,43,,,,,partial,,,2,2,3-4,2 hyperext (goniometer),130,135,none,2; practice 1 at home,,,PT: difficulty SLS and one-crutch gait,,Go Ready 30m AM + several PM; ibuprofen,Evening pain 3-4 after back-to-back loaded days; HEP assigned
2026-09-12,2026-09-06,Sat,19,3,N,HEP-only,,,,,,partial,,slightly up,a little sore,,,,,,none,2,,,,,Go Ready 2x25m medium; ibuprofen,Flare morning; backed off
2026-09-13,2026-09-13,Sun,20,3,Y,home 2 sets + extras,,,,,,partial,,back to Fri level,1,<=1,,0 (self),,,yes - on straightening; sup/inf glide limited,2; 50 m on 1; 2 min treadmill no crutches,,,first one-crutch bouts; first treadmill,,Go Ready; red light 20m,"Largest session yet; mild fullness after squats, stable"
2026-09-14,2026-09-13,Mon,21,3,N,NMES + ice only,,,,,,partial,,not worse,quiet,,,,,,,2,,,,,Go Ready 20m,First clean morning after a loading session
2026-09-15,2026-09-13,Tue,22,4,Y,home 3 sets + extras,,,,,,partial,slightly less than Sun/Mon,down,0-1,1-2,0-1,~-1 symmetric (self),,,none; patella more mobile,1-crutch bouts; 2 min treadmill; 10 m unassisted (weight shift),,,step-ups fingertip support 6 in,,LLLT 20m,First 3-set session; 4 variables changed
2026-09-16,2026-09-13,Wed,23,4,N,nothing,,,,,,N,,a bit more,fine,,,,,,,,,,,,,Zero day
2026-09-17,2026-09-13,Thu,24,4,N,icing only,,,,,,N,,a bit worse,fine,,,,,,,1 at work,more (work),,,,Go Ready,Swelling up 2nd morning; standing hours + one crutch at work
2026-09-18,2026-09-13,Fri,25,4,Y,floor AM + PT visit 6,,,,,,Y,,down,0,0,,not measured,not measured,not measured,,1 (PT: limp imperceptible),,,PT cleared curved treadmill walking,,Go Ready x2,"PT added SL leg press, step-down 4in, band walks; no ROM taken"
2026-09-19,2026-09-13,Sat,26,4,N,HEP 2 sets + gait practice,,,,,,Y,less,down,0,0-1,0-1,good (self),good (self),,yes - painless catch ext->flex (episode 2),"1-crutch practice, then no-crutch practice",not recorded,,one-crutch then crutch-free practice; felt very good (self-report),,compression not recorded,Bike and treadmill skipped; HEP at 2 sets; 5 towel-assisted heel slides added for flexion
2026-09-20,2026-09-20,Sun,27,4,Y,home full (first home run of PT block),,,,,,AM in session; PM not confirmed,1+ (first graded),same or down,0,1,,symmetric (self),,,"present, painless (episode 2 day 2)",unassisted practice at home + treadmill; PT 9/20: 1-2 crutches for travel,<2,,unassisted gait practice; curved treadmill 5 min no rails; felt good (self),,Go Ready 25 min,"7-change batch: PT block at home, seat 18in, step 8in (unassisted), bike 12 min, BOSU, unassisted gait, treadmill 5 min. NMES unavailable (prone quad set skipped). PT verbal clarifications received (PT Notes 9/20). Add-On file added; Working Rules revised."
2026-09-21,2026-09-20,Mon,28,4,N,none,,,,,,N,"1+ (self, a bit less)",down,0,,,,,,,1-2 for travel,,,,,,Zero day. Morning green = verdict on 9/20 batch: clean. Upper A (calibration) not done.
2026-09-22,2026-09-20,Tue,29,5,N (partial),home partial: floor + bike 12 + sit-to-stand,,,,,,"AM Y (heel prop 5, NMES 14 lvl 4, slides 3x30)",1+ (best yet),down,0,0,,full at rest (self); SLR felt extension could be better,felt a little tighter (self),,,crutches for travel,,,,,,"Time-constrained; single-leg block skipped; batch (step-down, SL press) untested. Stretches skipped. Not a loaded day at current dose."
2026-09-23,2026-09-20,Wed,30,5,Y,home full (spine-first order),,,,,,"AM Y (heel prop 10, NMES 14 lvl 4, slides 2x15 3s holds, ham 2x30, calf, glides)",1+,down (trending better),0,0,,full at rest (self),,,absent (first absent day since 9/19),crutches for travel; crutch-free treadmill 2:36,,,"curved treadmill 2 min 36 s unassisted, 0.10 mi; leg felt great",,Game Ready 25 min,"Batch = forward step-down only (3.5in box, 8 + 10 reps). Step-up 8in banded 2 sets. Skipped: SL leg press (no machine at home), sit-to-stand, isolated TKE (integrated into step-up), prone quad set. Hips both sides no band. PT verbal (relayed 9/23): BW or DB substitutes OK for machine items."
2026-09-24,2026-09-20,Thu,31,5,N,floor only,,,Upper B planned - not done,,,Y,1+,same,0,,,,,,,crutch-free practice; crutches for travel,,,"crutch-free practice, self-rated 8/10, limp still present",,,Verdict on 9/23 batch: clean = 3rd consecutive clean morning after loading (target met). Upper B deferred.
2026-09-25,2026-09-20,Fri,32,5,Y,PT visit 7 + surgeon visit,,,,,,,,,0 (PT),,,"-3 (goniometer; read as 3 hyperext, sign convention unconfirmed)",146 (goniometer),,,SURGEON: crutch-free cleared for everyday travel,,,surgeon: gait looks great,,,PT: bike 6 min; SL leg press L 45# 2x12; leg curl machine (LFKF 7) 47.5# 2x12; sit-to-stand 24in red 2x12; medial step-down 6in eccentric 2x12; manual flex/ext. Surgeon: very pleased with flex/ext; ramp up strength as long as knee stays quiet. No dynamometer. Verbal answers on open list not relayed.
2026-09-26,2026-09-20,Sat,33,5,N,"HEP partial (SLR, heel slides)",,,power planned - not done,,,"partial (SLR, slides)",no additional (not graded),same,0,,,,,,,none all day (first full crutch-free day),all day walking; hours not logged,,"walked all day crutch-free, felt fine (self)",,,"Verdict on 9/25 PT: clean. Plan bike skipped (3rd week). SLR and slides felt extremely easy. Sun 9/27 AM: no additional swelling, quiet, pain 0."
2026-09-27,2026-09-27,Sun,34,5,N,none - Session A moved to Mon; walking/standing much of the day,,,,,,not recorded,1+ (very close to trace),same or slightly down,0,,,good (self),,,absent,none,a lot (not quantified),,lots of walking; natural gait practice,,sauna 20 min,"No stiffness. Session A moved to Mon (flex day). Sauna = new adjunct, logged not evaluated."
2026-09-28,2026-09-27,Mon,35,5,Y,home Session A (moved from Sun),,,Upper A planned - not done (pushed for fatigue),,,"Y (heel prop 14 min w/ NMES 14 lvl 4, slides, glides, chin nod, 90/90, SLR 1x10)",no unusual (not graded),same,0,,,,heel near thigh; close to R (self),,absent,none,,,,,,"Pre-check pass (pain 0, no buckling). 5-change batch: SL sit-to-stand 23in R-foot assist (new), medial step-down 6in at home (new), step-up faster + R knee drive, calf L-biased +15/+25 lb, TKE more tension. Banded sit-to-stand skipped. Session min/RPE/after-pain not reported."
2026-09-29,2026-09-27,Tue,36,6,N,nothing,,,Upper A planned - not done,,,N,no additional (not graded),same,0,,,going well (self),,,,none,,,,,,"Verdict on 9/28 Session A batch: clean. Zero day (floor, Upper A, bike all missed). Post-op week 6 starts."
2026-09-30,2026-09-27,Wed,37,6,Y,home Session B,,,,,,"Y (heel prop 7 min w/ NMES 14, slides 1x10, glides, chin nod, SLR 1x10)",quiet (not graded),same,0,0,,,slight posterior-knee tightness on slides (self),,,none,,,"post-session gait ""perfect"" (self); in-person trainer agreed",,sauna post-session; Game Ready 25 min,"7-change batch: SL bridge L/R (new), RDL DB 15s then 25s (planned bodyweight), band ham curl (load), step-down set 2 at 7in, SL sit-to-stand added 1x12 24in, BOSU all 3 sets, sauna. Posterior-knee tension SL bridge set 1, gone set 2. 90/90 done only as chin-nod position (setup corrected in thread). Patient relayed PT: continue to ramp up."
2026-10-01,2026-09-27,Thu,38,6,Y,PT visit 8 (moved from Fri),,,Upper A planned - not done,,,"partial (PT: weighted heel prop 8 lb x5 min, SLR x10)","""great state"" (self, not graded)",same,0 (PT),0 (PT: no change post),,"2 hyperext (goniometer, after weighted heel-prop stretch)",,,,none,,,,,,"Back-to-back loaded day with 9/30 (reschedule). PT: bike 6, sit-to-stand 24in red 2x12, wall squat 2x10 (new), heel tap 4in slow ecc 2x10 (new), step ham stretch, fwd step-down 6in 2x10, SL leg press 55# 2x10, leg curl 47.5# 2x12, iso knee ext 90 deg 10x10s (new, first loaded open-chain), weighted heel prop 8# x5 (new), SLR x10. PTA: work toward more hyperextension; not worried about flexion; unsure on progressions -> base workout. No dynamometer."
2026-10-02,2026-09-27,Fri,39,6,N,off - nothing,,,,,,N,same (not graded),same,"0 (self, ""all felt good"")",,,,,,,none,,,,,,"Verdict on back-to-back 9/30-10/1: clean (first back-to-back since the 9/11-12 flare; no repeat). Floor, weighted heel prop, Upper A, bike all missed."
2026-10-03,2026-09-27,Sat,40,6,N,walking/standing only,,,,,,N,not reported,,,,,,,,,none,"~3 (few hours, est)",,felt fine,,,"No floor, no Upper B, no bike (Sat bike missed 4th week running). Time on feet tolerated. Sun 10/4 AM: clean, no setbacks or flare (not graded)."
2026-10-04,2026-10-04,Sun,41,6,N,walking/standing only - Session A not run,,,none (Upper A was planned after Session A; upper moved to own days 10/5),,,N,clean (not graded),same,0,,,,,,,none,~3,,,,,"No session; ~3 h walking/standing, nothing further. Floor, weigh-in and extension photo not done. Session A moved to Tue 10/6. Mon 10/5 AM: very clean, swelling down further (not graded) - 4th time hours on feet left the next morning clean (9/26, 9/27, 10/3, 10/4)."
2026-10-05,2026-10-04,Mon,42,6,N,standing/walking only - Session A skipped,,,none,,,N,very clean; down even more (not graded),down,,,,,,,,none,about half the day (not quantified),,,,,"On feet about half the day; Session A, floor and bike skipped. Upper placement decided: upper body on its own days, not attached to knee sessions. Tue 10/6 AM: trace (reported 10/8 as all of the last few days)."
2026-10-06,2026-10-04,Tue,43,7,Y,home Session A (moved from Sun),,,none,,,"partial (weighted heel prop 7 min @ 10 lb, no NMES; 2nd round not reported)",trace (reported 10/8: all swelling last few days trace),same or down,,0 on strap iso (self); rest not reported,,,,,,none,,,,,,"~12-change batch (planned ~6): SL sit-to-stand 24 -> 18 in in one step (past the 20 in rung; PT's 18 in OK was for the two-leg sit-to-stand), heel tap 5 in (PT 4 in), step-up 15 then 25 lb DBs with band off (planned BW + red band; 3rd set as planned), split squat unassisted (new; planned hand support), wall squat and strap iso 90 deg at max effort first time at home, calf 25 lb all sets, heel prop 10 lb (PT 8 lb). Banded sit-to-stand skipped. SLR no lag; TKE full lockout. Session min, RPE, after-pain and evening fullness not reported."
2026-10-07,2026-10-04,Wed,44,7,N,floor only,,,Upper A planned - not done,,,"partial (1 round: weighted heel prop 10 min @ 10 lb, then NMES quad sets 14 x 10 s ~7 min, heel slides; 2nd round not reported)",trace (reported 10/8),same,,,,,,,,none,,,,,Game Ready,"Verdict on 10/6 Session A batch: clean on swelling (trace held after the biggest home session); extension and pain not reported. NMES run after the heel prop, not during. Bike 15 and Upper A not done. PT moved Fri 10/9 -> Thu 10/8."
2026-10-08,2026-10-04,Thu,45,7,Y,PT visit 9 (moved from Fri) - Nick Immel PT,,,none,,,partial (AM heel slides; no weighted heel prop reported),trace,same,,not hard on the knee (self),knee feels great (self),"2 hyperext (goniometer, AROM)",146 (goniometer),,,"none (PT: no device, no brace)",,,"PT: good pattern, equal weight bearing bilaterally, no device, no brace",,Game Ready AM; sauna 20 min PM,"Loaded Tue + Thu with Wed off. Patient: hardest overall physical session to date, not hard on the knee. First post-op strength number: SL leg press 1RM (CLP) R 14 plates / L 9 plates = 64% (whole-leg test, not the dynamometer; quad LSI gate still unmeasured - 5th post-op visit without one). New PT items: 12 in step-up w/ opposite knee drive 2x15, standing heel raise 35 lb DBs 2x15, standing bird dog 8 lb KB 2x15, multi-hip abd/ext/flex 4 plates 2x15, eyes-closed DL balance; bike level 5 (up from 3). Nick (patient-reported): keep progressing; add PT items alongside the master plan; well-balanced, challenging, progressing sessions. Extension 2 deg hyperext without a weighted-stretch qualifier = 3rd reading at 2 deg (9/11, 10/1, 10/8)."
2026-10-09,2026-10-04,Fri,46,7,N,off day: conditioning bike; Upper A planned (own day),,,Upper A planned - pending,,,not reported as of AM (daily minimum redefined 10/9: weighted heel prop once/day),trace (barely visible; borderline none),same or down,,,,,,,,none,,,,,,"Verdict on 10/8 PT (hardest session to date): clean on swelling; extension and pain not reported. Conditioning bike 15 min legs only, 3.47 mi (first off-day conditioning ride this week). Nick (patient-reported 10/9): progression is up to the master plan, no PT approval needed, don't push through pain. Dashboard changes: daily minimum = morning check + one 10-min weighted heel prop (10 lb OK); NMES, quad sets, heel slides, SLR, patellar glides dropped; seated knee extension 90->45 added to Session A; banded two-leg sit-to-stand retired. Row in progress - evening fields pending."
