date,dash_week_start,pod,session,block,exercise,side,sets,reps,hold_or_duration,load_or_band,assist,notes
2026-09-10,2026-09-06,17,home,mobility,heel prop,L,,,10 min,,,
2026-09-10,2026-09-06,17,home,quad,quad set + NMES,L,1,14,12 s,NMES,,"heel propped, 14 min total"
2026-09-10,2026-09-06,17,home,mobility,heel slide,L,2,15,,,,
2026-09-10,2026-09-06,17,home,quad,straight-leg raise,L,3,10,,,,no lag
2026-09-10,2026-09-06,17,home,warmup,air bike,,1,,5 min,easy,,first full revolution
2026-09-10,2026-09-06,17,home,knee,mini squat,bil,2,10,,,,
2026-09-10,2026-09-06,17,home,posterior,standing hamstring curl,L,2,12,,,,
2026-09-10,2026-09-06,17,home,calf,calf raise,bil,2,12,,,,
2026-09-10,2026-09-06,17,home,single-leg,step-up,L,2,8,,,right-leg push-off,could not step up unassisted
2026-09-10,2026-09-06,17,home,posterior,bridge,bil,2,12,,,,
2026-09-10,2026-09-06,17,home,balance,single-leg balance,L,2,,20 s,,,
2026-09-11,2026-09-06,18,PT,quad,long arc quad,L,1,20,2 s,,,
2026-09-11,2026-09-06,18,PT,quad,quad set (towel under knee),L,1,20,,,,
2026-09-11,2026-09-06,18,PT,quad,quad set (towel under heel),L,1,20,,,,
2026-09-11,2026-09-06,18,PT,quad,straight-leg raise,L,2,10,,,,no lag per PT
2026-09-11,2026-09-06,18,PT,mobility,heel slide,L,1,10,5 s,,,
2026-09-11,2026-09-06,18,PT,knee,standing TKE,L,2,10,,teal band,,PT: increase resistance next
2026-09-11,2026-09-06,18,PT,balance,single-leg stance,L,3,,10 s,,bil to 1 UE support,
2026-09-11,2026-09-06,18,PT,warmup,upright bike,,1,,6 min,level 1,,
2026-09-11,2026-09-06,18,PT,gait,standing weight shifts,bil,1,10,,,with crutches,"side/front, 10 each"
2026-09-11,2026-09-06,18,PT,gait,single-crutch gait,,,,,,one crutch,in clinic; difficulty noted
2026-09-12,2026-09-06,19,HEP,quad,quad set + NMES,L,1,14,10 s,NMES,,
2026-09-12,2026-09-06,19,HEP,mobility,heel slide,L,3,10,,,,
2026-09-12,2026-09-06,19,HEP,gait,crutch walking practice,,,,,,two crutches,
2026-09-13,2026-09-13,20,home,quad,quad set + NMES (AM),L,1,10,10 s,NMES,,
2026-09-13,2026-09-13,20,home,mobility,heel prop,L,,,5 min,,,
2026-09-13,2026-09-13,20,home,mobility,heel slide,L,3,,30 s hold,,,plus a few easy reps
2026-09-13,2026-09-13,20,home,mobility,hamstring stretch,L,2,,30 s,,,
2026-09-13,2026-09-13,20,home,mobility,patellar glides,L,,,,,,med/lat easy; sup/inf limited
2026-09-13,2026-09-13,20,home,warmup,air bike,,1,,5 min,easy,,
2026-09-13,2026-09-13,20,home,knee,standing TKE,L,3,10,,band,,
2026-09-13,2026-09-13,20,home,knee,mini squat,bil,2,10,,,,shallow/moderate depth; patellar sticking noted
2026-09-13,2026-09-13,20,home,balance,single-leg balance,L,2,,20 s,,,
2026-09-13,2026-09-13,20,home,single-leg,step-up,L,2,8,,,heavy,sets/reps assumed as planned
2026-09-13,2026-09-13,20,home,posterior,standing hamstring curl,L,2,12,,,,
2026-09-13,2026-09-13,20,home,posterior,bridge,bil,2,12,,,,
2026-09-13,2026-09-13,20,home,calf,calf raise,bil,2,12,,,,left-biased
2026-09-13,2026-09-13,20,home,hip,sidelying hip abduction,L,2,10,,,,
2026-09-13,2026-09-13,20,home,hip,sidelying hip adduction,L,2,10,,,,
2026-09-13,2026-09-13,20,home,hip,prone hip extension,L,2,10,,,,
2026-09-13,2026-09-13,20,home,quad,straight-leg raise,L,2,10,,,,tiny visible L/R difference
2026-09-13,2026-09-13,20,home,gait,one-crutch walking,,,,~50 m,,one crutch,
2026-09-13,2026-09-13,20,home,gait,curved treadmill walk,,,,~2 min,,"rails, no crutches","est ~80% BW, not measurable; self-initiated"
2026-09-14,2026-09-13,21,HEP,quad,quad set + NMES,L,1,14,10 s,NMES,,
2026-09-15,2026-09-13,22,home,mobility,heel prop,L,,,5-10 min,,,
2026-09-15,2026-09-13,22,home,mobility,heel slide,L,3,,30 s hold,,,plus 15 easy reps
2026-09-15,2026-09-13,22,home,mobility,hamstring stretch,L,2,,30 s,,,
2026-09-15,2026-09-13,22,home,mobility,standing knee flexion AROM,L,3,10,,,chair support,doubles as hamstring curl
2026-09-15,2026-09-13,22,home,mobility,patellar glides,L,,,,,,more mobile than 9/13
2026-09-15,2026-09-13,22,home,warmup,air bike,,1,,5.5 min,easy,,
2026-09-15,2026-09-13,22,home,knee,standing TKE,L,3,10,,band,,
2026-09-15,2026-09-13,22,home,quad,long arc quad,L,3,10,,,,~2/10 at donor site set 1; full extension
2026-09-15,2026-09-13,22,home,knee,mini squat,bil,3,10,,,,more depth than before (unplanned variable)
2026-09-15,2026-09-13,22,home,balance,single-leg balance,L,3,,20-30 s,,,
2026-09-15,2026-09-13,22,home,single-leg,step-up,L,3,8,,6 in step,fingertip,mostly unassisted
2026-09-15,2026-09-13,22,home,single-leg,step-up,R,3,8,,6 in step,,
2026-09-15,2026-09-13,22,home,posterior,bridge,bil,3,12,,,,
2026-09-15,2026-09-13,22,home,calf,calf raise,bil,3,12,,,,left-biased
2026-09-15,2026-09-13,22,home,hip,sidelying hip abduction,L,2,10,,,,
2026-09-15,2026-09-13,22,home,hip,sidelying hip adduction,L,2,10,,,,
2026-09-15,2026-09-13,22,home,hip,prone hip extension,L,2,10,,heavy band (last set),,unplanned load variable
2026-09-15,2026-09-13,22,home,quad,prone quad set + NMES,L,3,10,10 s,NMES 14,,
2026-09-15,2026-09-13,22,home,quad,straight-leg raise,L,3,10,,,,
2026-09-15,2026-09-13,22,home,gait,one-crutch walking,,,,~50 m bouts,,one crutch,
2026-09-15,2026-09-13,22,home,gait,curved treadmill walk,,,,~2 min,,"rails, no crutches",
2026-09-15,2026-09-13,22,home,gait,unassisted walking,,,,~10 m,,none,visible weight shift onto surgical leg; stopped
2026-09-18,2026-09-13,25,floor,mobility,heel prop,L,,,5-10 min,,,
2026-09-18,2026-09-13,25,floor,quad,quad set + NMES,L,1,,,NMES,,
2026-09-18,2026-09-13,25,floor,mobility,heel slide,L,3,,30 s hold,,,plus a few easy reps
2026-09-18,2026-09-13,25,floor,quad,straight-leg raise,L,2,10,,,,
2026-09-18,2026-09-13,25,floor,mobility,patellar glides,L,,,,,,
2026-09-18,2026-09-13,25,PT,warmup,upright bike,,1,,6-7 min,"seat 17, level 3",,
2026-09-18,2026-09-13,25,PT,knee,sit-to-stand w/ TKE band,bil,2,12,,red tube,,24 in box
2026-09-18,2026-09-13,25,PT,hip,lateral band walk,bil,2,,25 ft out/back,green tube above knees,none,unassisted
2026-09-18,2026-09-13,25,PT,knee,standing TKE,L,2,15,,red band,,
2026-09-18,2026-09-13,25,PT,single-leg,step-up w/ TKE band,L,2,12,,"6 in step, red tube",,
2026-09-18,2026-09-13,25,PT,single-leg,forward step-down,L,2,12,,4 in step,,touch and return; user log says 2x10
2026-09-18,2026-09-13,25,PT,single-leg,single-leg leg press,L,2,12,,40 lb (PT note),,"resolved 9/25: 40# per PT; patient-reported ""10 lb"" was a different number on the machine"
2026-09-18,2026-09-13,25,PT,gait,one-crutch gait practice,,,,,,one crutch,PT: limp imperceptible
2026-09-19,2026-09-13,26,HEP,mobility,heel prop,L,2,,,,,"two rounds, start and end"
2026-09-19,2026-09-13,26,HEP,quad,quad set,L,1,10,10 s,,,no NMES; activation felt good
2026-09-19,2026-09-13,26,HEP,mobility,heel slide,L,1,6,30 s,,,unassisted
2026-09-19,2026-09-13,26,HEP,mobility,heel slide (towel-assisted),L,1,5,,towel,,for flexion
2026-09-19,2026-09-13,26,HEP,quad,straight-leg raise,L,2,10,,,,good quad activation
2026-09-19,2026-09-13,26,HEP,mobility,patellar glides,L,,,,,,
2026-09-19,2026-09-13,26,HEP,quad,long arc quad,L,2,10,,,,
2026-09-19,2026-09-13,26,HEP,quad,prone quad set,L,2,10,,,,no NMES
2026-09-19,2026-09-13,26,HEP,knee,standing TKE,L,2,10,,red band,,
2026-09-19,2026-09-13,26,HEP,hip,sidelying hip abduction,L,2,10,,,,logged as abduction; 'side-lying 2x10 each side' — adduction not specified
2026-09-19,2026-09-13,26,HEP,hip,sidelying hip abduction,R,2,10,,,,
2026-09-19,2026-09-13,26,HEP,hip,prone hip extension,L,2,10,,,,
2026-09-19,2026-09-13,26,HEP,mobility,standing knee flexion AROM,L,2,10,,,chair support,
2026-09-19,2026-09-13,26,HEP,balance,single-leg balance + ball toss,L,2,,30 s,,,
2026-09-19,2026-09-13,26,HEP,gait,one-crutch walking practice,,,,,,one crutch,normal gait practice
2026-09-19,2026-09-13,26,HEP,gait,crutch-free walking practice,,,,,,none,felt very good (self-report); PT instruction still two crutches / practice one
2026-09-20,2026-09-20,27,home,mobility,heel prop,L,,,5-10 min,,,mild stretch behind knee only
2026-09-20,2026-09-20,27,home,mobility,heel slide,L,3,,30 s hold,,,calf to thigh; no hard stop; no catch
2026-09-20,2026-09-20,27,home,mobility,hamstring stretch,L,2,,30 s,,,
2026-09-20,2026-09-20,27,home,mobility,patellar glides,L,,,,,,
2026-09-20,2026-09-20,27,home,warmup,air bike,,1,,12 min,easy,,planned 7-8; knee looser as ride went on
2026-09-20,2026-09-20,27,home,knee,sit-to-stand w/ TKE band,bil,2,12,,red band,,18 in seat (PT dose 24 in)
2026-09-20,2026-09-20,27,home,single-leg,step-up w/ TKE band,L,2,12,,"red band; set 1 6 in, set 2 8 in",none,reps as planned (not stated); pain ~1; unassisted at both heights
2026-09-20,2026-09-20,27,home,single-leg,step-up,R,2,10,,,,reps as planned (not stated)
2026-09-20,2026-09-20,27,home,knee,standing TKE,L,2,15,,red band,,
2026-09-20,2026-09-20,27,home,hip,lateral band walk,bil,2,,25 ft out/back,band above knees,,glutes; pain ~1
2026-09-20,2026-09-20,27,home,posterior,bridge,bil,3,12,,,,very easy
2026-09-20,2026-09-20,27,home,mobility,standing knee flexion AROM,L,3,10,,,chair support,
2026-09-20,2026-09-20,27,home,calf,calf raise,bil,3,12,,,,left-biased
2026-09-20,2026-09-20,27,home,hip,prone hip extension,L,2,10,,,,
2026-09-20,2026-09-20,27,home,hip,sidelying hip abduction,L,2,10,,,,
2026-09-20,2026-09-20,27,home,hip,sidelying hip adduction,L,2,10,,,,band added on one right-side exercise (unplanned)
2026-09-20,2026-09-20,27,home,quad,prone quad set + NMES,L,,,,,,SKIPPED - NMES unavailable
2026-09-20,2026-09-20,27,home,quad,straight-leg raise,L,3,10,,,,easy; no lag
2026-09-20,2026-09-20,27,home,balance,single-leg balance + ball toss,L,2,,30 s,,,
2026-09-20,2026-09-20,27,home,balance,single-leg balance on BOSU (soft side),L,1,,30 s,,wall,progression beyond written plan
2026-09-20,2026-09-20,27,home,gait,unassisted walking practice,,,,,,none,one-crutch practice skipped
2026-09-20,2026-09-20,27,home,gait,curved treadmill walk,,,,5 min,,none,no rails; planned 3 min w/ rails
2026-09-22,2026-09-20,29,floor,mobility,heel prop,L,,,5 min,,,
2026-09-22,2026-09-20,29,floor,quad,quad set + NMES,L,1,14,,NMES level 4,,same as usual
2026-09-22,2026-09-20,29,floor,mobility,heel slide,L,3,,30 s,,,plus a few quick reps; flexion felt a little tighter
2026-09-22,2026-09-20,29,floor,quad,straight-leg raise,L,2,10,,,,felt extension could be better
2026-09-22,2026-09-20,29,home,warmup,air bike,,1,,12 min,easy,,
2026-09-22,2026-09-20,29,home,knee,sit-to-stand w/ TKE band,bil,,,,,,done; dose not stated. Session ended here (time).
2026-09-23,2026-09-20,30,floor,mobility,heel prop,L,,,10 min,,,resting extension full
2026-09-23,2026-09-20,30,floor,quad,quad set + NMES,L,1,14,,NMES level 4,,good definition
2026-09-23,2026-09-20,30,floor,mobility,heel slide,L,2,15,3 s hold,,,set 2 especially loose
2026-09-23,2026-09-20,30,floor,mobility,hamstring stretch,L,2,,30 s,,,
2026-09-23,2026-09-20,30,floor,mobility,calf stretch + patellar glides,L,,,,,,
2026-09-23,2026-09-20,30,floor,quad,straight-leg raise,L,3,10,,,,best to date
2026-09-23,2026-09-20,30,home,warmup,air bike,,1,,8 min,easy,,1.95 mi
2026-09-23,2026-09-20,30,home,single-leg,step-up w/ TKE band,L,2,,,red band; 8 in,none,reps not stated; TKE squeeze at bottom; control good
2026-09-23,2026-09-20,30,home,single-leg,forward step-down,L,2,8 / 10,,3.5 in box,,"BATCH. Set 1 very challenging, set 2 smoother. PT dose 4 in 2x12"
2026-09-23,2026-09-20,30,home,knee,standing TKE,L,,,,,,SKIPPED - integrated into step-ups
2026-09-23,2026-09-20,30,home,hip,lateral band walk,bil,2,,25 ft,,,
2026-09-23,2026-09-20,30,home,posterior,bridge,bil,3,12,,,,
2026-09-23,2026-09-20,30,home,mobility,standing knee flexion AROM,L,3,10,,,,"stretch behind knee, good"
2026-09-23,2026-09-20,30,home,calf,calf raise,bil,3,12,,,,left-biased; upper calf fatigue
2026-09-23,2026-09-20,30,home,hip,"hip series (prone ext, sidelying abd, sidelying add)",both,2,10,,none,,"strict, no resistance"
2026-09-23,2026-09-20,30,home,balance,single-leg balance + ball toss,L,3,,30 s,,,solid
2026-09-23,2026-09-20,30,home,gait,curved treadmill walk,,,,2 min 36 s,,none,0.10 mi; crutch-free
2026-09-23,2026-09-20,30,home,single-leg,single-leg leg press,L,,,,,,NOT DONE - no leg press at home; PT: BW/DB substitute OK
2026-09-24,2026-09-20,31,floor,floor,daily floor as written,L,,,,,,Upper B not done
2026-09-25,2026-09-20,32,PT,warmup,upright bike,,1,,6 min,"seat 16, level 3",,
2026-09-25,2026-09-20,32,PT,single-leg,single-leg leg press,L,2,12,,45 lb (SCLP 5/5),,up from 40# on 9/18
2026-09-25,2026-09-20,32,PT,posterior,leg curl machine,L,2,12,,47.5 lb (LFKF seat 7),,new PT item
2026-09-25,2026-09-20,32,PT,knee,sit-to-stand w/ TKE band,bil,2,12,,red tube,,24 in box
2026-09-25,2026-09-20,32,PT,single-leg,"medial step-down, eccentric lowering",L,2,12,,6 in step,,replaces forward 4 in
2026-09-25,2026-09-20,32,PT,manual,manual flexion/extension stretching,L,,,,,,
2026-09-26,2026-09-20,33,HEP,quad,straight-leg raise,L,,,,,,sets not stated; extremely easy
2026-09-26,2026-09-20,33,HEP,mobility,heel slide,L,,,,,,sets not stated; extremely easy
2026-09-26,2026-09-20,33,HEP,gait,crutch-free walking (everyday),,,,all day,,none,surgeon-cleared 9/25; felt fine; no swelling increase Sun AM
2026-09-27,2026-09-27,34,home,gait,everyday walking/standing,,,,a lot (not quantified),,none,natural gait practice
2026-09-28,2026-09-27,35,floor,mobility,heel prop,L,,,14 min,,,
2026-09-28,2026-09-27,35,floor,quad,quad set + NMES,L,1,14,10 s,NMES level 4,,during heel prop
2026-09-28,2026-09-27,35,floor,mobility,heel slide,L,1,10,,,,pain 0; heel near thigh; flexion felt close to R
2026-09-28,2026-09-27,35,floor,mobility,patellar glides,L,,,,,,catch absent
2026-09-28,2026-09-27,35,floor,posture,chin nod,,2,10,5 s,,,set 1 felt high back of neck; smaller/lighter nod set 2 -> front of neck (target)
2026-09-28,2026-09-27,35,floor,posture,90/90 hip lift,,3,,5 breaths,,,
2026-09-28,2026-09-27,35,floor,quad,straight-leg raise,L,1,10,,,,reduced to lag-check dose
2026-09-28,2026-09-27,35,home,warmup,air bike (legs only),,1,,8 min,easy,,2.01 mi
2026-09-28,2026-09-27,35,home,single-leg,single-leg sit-to-stand,L,2,8,,23 in box,R-foot assist,BATCH (new)
2026-09-28,2026-09-27,35,home,single-leg,"medial step-down, eccentric",L,2,12,,6 in step,,BATCH (new at home). Final inch of lowering very challenging; felt good
2026-09-28,2026-09-27,35,home,single-leg,step-up w/ TKE band,L,2,12,,red band; 8 in,none,felt easy; faster concentric + R knee drive to ~90 deg (unplanned speed variable)
2026-09-28,2026-09-27,35,home,single-leg,step-up,R,2,10,,8 in,,
2026-09-28,2026-09-27,35,home,knee,sit-to-stand w/ TKE band,bil,,,,,,SKIPPED - SL sit-to-stand done instead
2026-09-28,2026-09-27,35,home,calf,"calf raise, L-biased",bil,3,12,,BW / 15 lb / 25 lb in L hand,,unplanned load progression sets 2-3; 25 lb about right; fatigue final reps
2026-09-28,2026-09-27,35,home,knee,standing TKE,L,2,15,,red band,,set 2 farther from anchor (more tension); easy
2026-09-28,2026-09-27,35,home,balance,single-leg balance + ball toss,L,3,,45 s,,,firm ground; wall throws
2026-09-30,2026-09-27,37,floor,mobility,heel prop,L,,,7 min,,,with NMES
2026-09-30,2026-09-27,37,floor,quad,quad set + NMES,L,1,14,10 s,NMES,,
2026-09-30,2026-09-27,37,floor,mobility,heel slide,L,1,10,,,,slight tightness back of knee; easy
2026-09-30,2026-09-27,37,floor,mobility,patellar glides,L,,,,,,normal
2026-09-30,2026-09-27,37,floor,posture,chin nod (in 90/90 position),,1,10,5 s,,,90/90 hip lift not done as its own drill; setup corrected in thread
2026-09-30,2026-09-27,37,floor,quad,straight-leg raise,L,1,10,,,,knee straight throughout
2026-09-30,2026-09-27,37,home,warmup,bike,,1,,8 min,easy,,2.0 mi; knee looser after
2026-09-30,2026-09-27,37,home,single-leg,"medial step-down, eccentric",L,2,12,,set 1 6 in; set 2 7 in,,height up set 2 (unplanned); no pain; no anterior symptoms; mechanics good
2026-09-30,2026-09-27,37,home,single-leg,single-leg sit-to-stand,L,1,12,,24 in box,R-foot light assist,added to Session B (unplanned)
2026-09-30,2026-09-27,37,home,posterior,single-leg bridge,L,2,8,,,,"BATCH (new). Hamstring; back-of-knee tension set 1, fine set 2"
2026-09-30,2026-09-27,37,home,posterior,single-leg bridge,R,2,8,,,,
2026-09-30,2026-09-27,37,home,posterior,Romanian deadlift (DB),bil,2,10,,set 1 15 lb DBs; set 2 25 lb DBs,,BATCH (new). Planned bodyweight; no knee pain
2026-09-30,2026-09-27,37,home,posterior,standing hamstring curl,L,3,10,,band,,BATCH (load added)
2026-09-30,2026-09-27,37,home,hip,lateral band walk,bil,2,,25 ft out/back,,,
2026-09-30,2026-09-27,37,home,hip,sidelying hip abduction,L,2,12,,,,
2026-09-30,2026-09-27,37,home,hip,sidelying hip adduction,L,2,12,,,,
2026-09-30,2026-09-27,37,home,hip,prone hip extension,L,2,12,,,,
2026-09-30,2026-09-27,37,home,balance,single-leg balance + ball toss on BOSU,L,3,,45 s,,,all 3 sets on BOSU (planned set 3 only)
2026-09-30,2026-09-27,37,home,gait,walking / gait practice,,,,,,none,"after recovery work; gait ""perfect"" (self); trainer agreed"
2026-10-01,2026-09-27,38,PT,warmup,upright bike,,1,,6 min,"seat 16, level 3",,
2026-10-01,2026-09-27,38,PT,knee,sit-to-stand w/ TKE band,bil,2,12,,red JC; 24 in box,,
2026-10-01,2026-09-27,38,PT,knee,wall squat,bil,2,10,,,,new PT item; depth not recorded
2026-10-01,2026-09-27,38,PT,single-leg,"heel tap, slow eccentric",L,2,10,,4 in step,,new PT item
2026-10-01,2026-09-27,38,PT,mobility,step hamstring stretch,L,2,,30 s,,,new PT item
2026-10-01,2026-09-27,38,PT,single-leg,forward step-down,L,2,10,,6 in step,,replaces medial 6 in (too easy per patient); still challenging
2026-10-01,2026-09-27,38,PT,single-leg,single-leg leg press,L,2,10,,55 lb (SCLP 5/5),,up from 45# on 9/25
2026-10-01,2026-09-27,38,PT,posterior,leg curl machine,L,2,12,,47.5 lb (LFKF seat 7),,unchanged
2026-10-01,2026-09-27,38,PT,quad,isometric knee extension at 90 deg,L,10,1,10 s,not recorded,,new PT item; first loaded open-chain quad work; patient: hardest and favorite
2026-10-01,2026-09-27,38,PT,mobility,weighted heel prop (extension stretch),L,1,,5 min,8 lb,,new PT item; ext 2 deg hyperext measured after
2026-10-01,2026-09-27,38,PT,quad,straight-leg raise,L,1,10,,,,
2026-10-03,2026-09-27,40,home,gait,walking/standing,,,,~3 h (est),,none,felt fine
2026-10-04,2026-10-04,41,home,gait,everyday walking/standing,,,,~3 h,,none,nothing else done
2026-10-05,2026-10-04,42,home,gait,everyday walking/standing,,,,about half the day,,none,Session A skipped
2026-10-06,2026-10-04,43,floor,mobility,weighted heel prop,L,1,,7 min,10 lb,,no NMES; PT dose 8 lb; time of day not stated
2026-10-06,2026-10-04,43,home,warmup,air bike (legs only),,1,,8 min,easy,,1.93 mi
2026-10-06,2026-10-04,43,home,quad,straight-leg raise,L,1,10,,,,no lag
2026-10-06,2026-10-04,43,home,knee,standing TKE,L,2,15,,band (color not stated),,full lockout
2026-10-06,2026-10-04,43,home,single-leg,single-leg sit-to-stand,L,2,12,,18 in box,slight R-foot assist,BATCH: 24 -> 18 in in one step (planned 24 in)
2026-10-06,2026-10-04,43,home,single-leg,single-leg sit-to-stand,R,2,12,,18 in box,,mirrored
2026-10-06,2026-10-04,43,home,single-leg,"heel tap, slow eccentric",L,2,10,,5 in step,,BATCH: first at home; PT dose 4 in
2026-10-06,2026-10-04,43,home,single-leg,step-up,L,3,10,,"8 in; set 1 15 lb DBs, sets 2-3 25 lb DBs; no band",,BATCH: DBs added and band off (planned bodyweight + red band)
2026-10-06,2026-10-04,43,home,single-leg,step-up,R,3,10,,"8 in; set 1 15 lb DBs, sets 2-3 25 lb DBs",,mirrored
2026-10-06,2026-10-04,43,home,single-leg,split squat,L,2,8,,bodyweight,unassisted,BATCH (new); planned hand support
2026-10-06,2026-10-04,43,home,single-leg,split squat,R,2,8,,bodyweight,unassisted,
2026-10-06,2026-10-04,43,home,knee,sit-to-stand w/ TKE band,bil,,,,,,SKIPPED
2026-10-06,2026-10-04,43,home,knee,wall squat,bil,2,10,,,,BATCH: first at home; depth not recorded
2026-10-06,2026-10-04,43,home,quad,isometric knee extension at 90 deg (strap),L,10,1,10 s,strap,,BATCH: first at home; maximal effort; no pain
2026-10-06,2026-10-04,43,home,calf,"calf raise, L-biased",bil,3,12,,25 lb in L hand all sets,,BATCH (load on all sets)
2026-10-06,2026-10-04,43,home,balance,single-leg balance + ball toss on BOSU,L,3,,45 s,,,reported completed; dose as planned
2026-10-07,2026-10-04,44,floor,mobility,weighted heel prop,L,1,,10 min,10 lb,,PT dose 8 lb
2026-10-07,2026-10-04,44,floor,quad,quad set + NMES,L,1,14,10 s,NMES,,"~7 min; after the heel prop, not during"
2026-10-07,2026-10-04,44,floor,mobility,heel slide,L,,,,,,dose not stated
2026-10-08,2026-10-04,45,floor,mobility,heel slide,L,,,,,,AM before PT; dose not stated
2026-10-08,2026-10-04,45,PT,warmup,upright bike,,1,,6 min,"seat 16, level 5",,up from level 3
2026-10-08,2026-10-04,45,PT,test,single-leg leg press 1RM (CLP),R,1,1,,14 plates,,PT functional strength test; plate weight not recorded
2026-10-08,2026-10-04,45,PT,test,single-leg leg press 1RM (CLP),L,1,1,,9 plates,,"L/R = 64%; whole-leg test, not the dynamometer"
2026-10-08,2026-10-04,45,PT,single-leg,single-leg leg press (CLP seat 4),L,,,,6 plates,,sets/reps not recorded; left only
2026-10-08,2026-10-04,45,PT,calf,standing double-leg heel raise,bil,2,15,,35 lb DBs,,new PT item
2026-10-08,2026-10-04,45,PT,hip,standing bird dog,,2,15,,8 lb KB,,new PT item; standing (patient clarification); sides not recorded; no kneeling
2026-10-08,2026-10-04,45,PT,single-leg,step-up w/ opposite knee drive,L,2,15,,12 in step,,new PT item; up from 8 in
2026-10-08,2026-10-04,45,PT,hip,multi-hip abduction (CMH),bil,2,15,,4 plates,,new PT item; alternating sides
2026-10-08,2026-10-04,45,PT,hip,multi-hip extension (CMH),bil,2,15,,4 plates,,new PT item; alternating sets
2026-10-08,2026-10-04,45,PT,hip,"multi-hip flexion, knee straight (CMH)",bil,2,15,,4 plates,,new PT item; alternating sets
2026-10-08,2026-10-04,45,PT,balance,"double-leg stance, eyes closed",bil,1,,1 min each way,,,new PT item
2026-10-09,2026-10-04,46,conditioning,conditioning,air bike (legs only),,1,,15 min,easy,,3.47 mi; off-day conditioning (plan Phase 3)
2026-10-09,2026-10-04,46,floor,mobility,weighted heel prop,L,1,,10 min,10 lb,,"daily minimum (one round, Nick 10/9); evening"
2026-10-09,2026-10-04,46,upperA,upper,Upper A core,,,,,,,"first upper session; loads, reps, minutes and RPE not reported"
