date,dow,pod,post_op_week,dash_week_start,light,am_swelling,am_trend,am_pain,am_extension,flexion,catch,am_notes,floor_am,floor_pm,knee_session,knee_min,knee_rpe,knee_as_planned,pain_session,pain_pm,pt,addon_session,addon_min,addon_rpe,conditioning_type,conditioning_min,sport_min,hours_on_feet,gym_min_on_feet,crutches,gait_notes,adjuncts,sleep_h,together,closed,notes
2026-09-10,Thu,17,3,2026-09-06,,,improving,2,~symmetric (self),~115 (est),none,~50% resolved,Y,,home,,,,0,0,,,,,,,,,,2 (no limp); 1 = heavy limp,,LLLT 20m,,,,home 2 sets (dashboard log)
2026-09-11,Fri,18,3,2026-09-06,,,,2,2 hyperext (goniometer),130 A / 135 P,none,PM pain 3-4; flare after back-to-back 9/10-11,Y,,,43,,,2,3-4,Y,,,,,,,,,2; practice 1 at home,PT: difficulty SLS and one-crutch gait,Go Ready 30m AM + several PM; ibuprofen,,,,PT visit 5 (dashboard log)
2026-09-12,Sat,19,3,2026-09-06,,,slightly up,a little sore,,,none,,Y,,,,,,,,,,,,,,,,,2,,Go Ready 2x25m medium; ibuprofen,,,,HEP-only (dashboard log)
2026-09-13,Sun,20,3,2026-09-13,,,back to Fri level,1,0 (self),,yes - on straightening; sup/inf glide limited,,Y,,home,,,,<=1,,,,,,,,,,,2; 50 m on 1; 2 min treadmill no crutches,first one-crutch bouts; first treadmill,Go Ready; red light 20m,,,,home 2 sets + extras (dashboard log)
2026-09-14,Mon,21,3,2026-09-13,,,not worse,quiet,,,,,Y,,,,,,,,,,,,,,,,,2,,Go Ready 20m,,,,NMES + ice only (dashboard log)
2026-09-15,Tue,22,4,2026-09-13,,,down,0-1,~-1 symmetric (self),,none; patella more mobile,slightly less than Sun/Mon,Y,,home,,,,1-2,0-1,,,,,,,,,,1-crutch bouts; 2 min treadmill; 10 m unassisted (weight shift),step-ups fingertip support 6 in,LLLT 20m,,,,home 3 sets + extras (dashboard log)
2026-09-16,Wed,23,4,2026-09-13,,,a bit more,fine,,,,,,,,,,,,,,,,,,,,,,,,,,,,nothing (dashboard log)
2026-09-17,Thu,24,4,2026-09-13,,,a bit worse,fine,,,,,,,,,,,,,,,,,,,,more (work),,1 at work,,Go Ready,,,,icing only (dashboard log)
2026-09-18,Fri,25,4,2026-09-13,,,down,0,not measured,not measured A / not measured P,,,Y,,,,,,0,,Y,,,,,,,,,1 (PT: limp imperceptible),PT cleared curved treadmill walking,Go Ready x2,,,,floor AM + PT visit 6 (dashboard log)
2026-09-19,Sat,26,4,2026-09-13,,,down,0,good (self),good (self),yes - painless catch ext->flex (episode 2),less,Y,,,,,,0-1,0-1,,,,,,,,not recorded,,"1-crutch practice, then no-crutch practice",one-crutch then crutch-free practice; felt very good (self-report),compression not recorded,,,,HEP 2 sets + gait practice (dashboard log)
2026-09-20,Sun,27,4,2026-09-20,,1+,same or down,0,symmetric (self),,"present, painless (episode 2 day 2)",first graded swelling; painless catch,Y,,home,,,,1,,,,,,,,,<2,,unassisted practice at home + treadmill; PT 9/20: 1-2 crutches for travel,unassisted gait practice; curved treadmill 5 min no rails; felt good (self),Go Ready 25 min,,,,home full (first home run of PT block) (dashboard log)
2026-09-21,Mon,28,4,2026-09-20,,1+,down,0,,,,"1+ (self, a bit less)",,,,,,,,,,,,,,,,,,1-2 for travel,,,,,,none (dashboard log)
2026-09-22,Tue,29,5,2026-09-20,,1+,down,0,full at rest (self); SLR felt extension could be better,felt a little tighter (self),,session ended early (time),Y,,partial,,,,0,,,,,,,,,,,crutches for travel,,,,,,home partial: floor + bike 12 + sit-to-stand (dashboard log)
2026-09-23,Wed,30,5,2026-09-20,,1+,down (trending better),0,full at rest (self),,absent (first absent day since 9/19),,Y,,home,,,,0,,,,,,,,,,,crutches for travel; crutch-free treadmill 2:36,"curved treadmill 2 min 36 s unassisted, 0.10 mi; leg felt great",Game Ready 25 min,,,,home full (spine-first order) (dashboard log)
2026-09-24,Thu,31,5,2026-09-20,,1+,same,0,,,,,Y,,,,,,,,,,,,,,,,,crutch-free practice; crutches for travel,"crutch-free practice, self-rated 8/10, limp still present",,,,,floor only (dashboard log); Upper B not done
2026-09-25,Fri,32,5,2026-09-20,,,,0,-3 gonio (likely 3 short); flex 146 A,146 (goniometer),,,,,,,,,,,Y,,,,,,,,,SURGEON: crutch-free cleared for everyday travel,surgeon: gait looks great,,,,,PT visit 7 + surgeon visit (dashboard log); PT + surgeon visit
2026-09-26,Sat,33,5,2026-09-20,,,same,0,,,,no additional (not graded),Y,,,,,,,,,,,,,,,all day walking; hours not logged,,none all day (first full crutch-free day),"walked all day crutch-free, felt fine (self)",,,,,"HEP partial (SLR, heel slides) (dashboard log)"
2026-09-27,Sun,34,5,2026-09-27,,1+,same or slightly down,0,good (self),,absent,1+ very close to trace; no stiffness,,,,,,,,,,,,,,,,a lot (not quantified),,none,lots of walking; natural gait practice,sauna 20 min,,,,none - Session A moved to Mon; walking/standing much of the day (dashboard log); Session A moved; lots of walking; sauna 20 min
2026-09-28,Mon,35,5,2026-09-27,,,same,0,,heel near thigh; close to R (self),absent,no unusual swelling (not graded),Y,Y,A,,,N,,,,,,,,,,,,none,,,,,,home Session A (moved from Sun) (dashboard log); 5-change batch
2026-09-29,Tue,36,6,2026-09-27,,,same,0,going well (self),,,no additional swelling (not graded); extension going well,,,,,,,,,,,,,,,,,,none,,,,,,"nothing (dashboard log); floor, Upper A, bike missed"
2026-09-30,Wed,37,6,2026-09-27,,,same,0,,slight posterior-knee tightness on slides (self),,quiet (not graded); slight posterior tightness,Y,Y,B,,,N,0,,,,,,,,,,,none,"post-session gait ""perfect"" (self); in-person trainer agreed",sauna post-session; Game Ready 25 min,,,,home Session B (dashboard log); 7-change batch; sauna
2026-10-01,Thu,38,6,2026-09-27,,,same,0,2 hyperext gonio after weighted stretch,,,great state (not graded),Y,,,,,,0 (PT: no change post),,Y,,,,,,,,,none,,,,,,PT visit 8 (moved from Fri) (dashboard log); PT 8 rescheduled to Thu; back-to-back with 9/30
2026-10-02,Fri,39,6,2026-09-27,,,same,0,,,,same (not graded); back-to-back verdict clean,,,,,,,,,,,,,,,,,,none,,,,,,off - nothing (dashboard log)
2026-10-03,Sat,40,6,2026-09-27,,,,,,,,not reported,,,,,,,,,,,,,,,,3,,none,felt fine,,,,,walking/standing only (dashboard log)
2026-10-04,Sun,41,6,2026-10-04,green,,same,0,,,,clean (not graded); pre-check passes,,,,,,,,,,,,,,,,3,,none,,,,,Y,"rest day; ~3 h walking/standing; swelling not graded, pain 0; floor, weigh-in, extension photo not done; Session A moved to Tue"
2026-10-05,Mon,42,6,2026-10-04,green,,down,,,,,very clean; swelling down further (not graded),,,,,,,,,,,,,,,,about half the day (not quantified),,none,,,,,Y,"rest day; on feet about half the day; Session A, floor, bike not done; decided: upper body on its own days"
2026-10-06,Tue,43,7,2026-10-04,green,trace,same or down,,,,,trace (reported 10/8: all swelling last few days trace),Y,,A,,,N,0 on strap iso (self); rest not reported,,,,,,,,,,,none,,,,,Y,"Session A loaded day; weighted heel prop 7 min @ 10 lb (plan 8 lb), no NMES; banded sit-to-stand skipped; step-up DBs 15 then 25 lb within the session; heel tap 5 in (PT dose 4 in); minutes, RPE, after-pain, PM heel prop not reported"
2026-10-07,Wed,44,7,2026-10-04,green,trace,same,,,,,trace (reported 10/8),Y,N,,,,,,,,,,,,,,,,none,,Game Ready,,,Y,"floor day; heel prop 10 min @ 10 lb (plan 8 lb); quad sets + NMES 14 x 10 s after; heel slides (reps not stated); Game Ready; bike, Upper A and the second heel prop round not done"
2026-10-08,Thu,45,7,2026-10-04,green,trace,same,,"2 hyperext (goniometer, AROM)",146 (goniometer),,"trace; heel slides, then Game Ready, before PT",,,,,,,not hard on the knee (self),knee feels great (self),Y,,,,,,,,,"none (PT: no device, no brace)","PT: good pattern, equal weight bearing bilaterally, no device, no brace",Game Ready AM; sauna 20 min PM,,,Y,PT 9 (Nick): real/visits/2026-10-08_PT9.md; sauna 20 min PM; floor (weighted heel prop) not done
2026-10-09,Fri,46,7,2026-10-04,,trace,same or down,,,,,trace if that; barely visible,Y,,,,,,,,,upperA,,7,air bike (legs only),15,,,,none,,sauna 20 min,,,Y,Upper A: warm-up done; session 7/10 by his scale
2026-10-10,Sat,47,7,2026-10-04,,,,,,,,,Y,,,,,,,,,,,,,,,,,,,,,,,Trainer 10/10: no upper today; Upper B Mon 10/12 (see real/visits/2026-10-10_trainer-instruction.md)
