id,date,time,meal,item,qty,kcal,protein_g,carbs_g,fat_g,fiber_g,sat_fat_g,sugar_g,sodium_mg,potassium_mg,calcium_mg,iron_mg,magnesium_mg,zinc_mg,vit_c_mg,vit_d_mcg,omega3_mg,source,notes
2026-10-08#1,2026-10-08,,breakfast,Premier Protein Cafe Latte + Kirkland chewy protein bar,1 + 1,350,40,20,15,4,5,8,450,500,650,2,60,3,23,5,0,estimate,user rounded totals; micros estimated
2026-10-08#2,2026-10-08,,lunch,"Chicken, rice, spinach, cheddar and spicy mayo bowl",1 bowl,1000,70,70,45,6,14,6,1900,1000,350,5,120,6,15,1,20,estimate,user rounded totals; micros estimated
2026-10-08#3,2026-10-08,,snack,Popcorn with nutritional yeast and salt,~6 cups,350,10,40,15,9,2.5,0,600,250,20,2.5,100,2.5,0,0,0,estimate,user rounded totals; micros estimated
2026-10-08#4,2026-10-08,,snack,Large apple + organic peanut butter,1 + ~3 tbsp,400,15,40,25,9,4,24,150,450,40,1.5,110,1.5,7,0,0,estimate,user rounded totals; micros estimated
2026-10-08#5,2026-10-08,,dinner,Perdue GF chicken tenders + yum yum sauce,4 + ~2 tbsp,450,15,25,30,1,3.5,2,300,100,90,3,30,0,0,0.5,0,estimate,user rounded totals; micros estimated
2026-10-09#1,2026-10-09,,breakfast,"Thai bacon twist (breakfast wrap: eggs, bacon, potato, sauce)",1,700,30,60,38,4,13,6,1600,550,150,3.5,50,2.5,8,2,80,estimate,"kcal his estimate (~700); macros assume ~2 eggs, ~3 strips bacon, flour tortilla"
2026-10-09#2,2026-10-09,,lunch,"Chicken, rice, spinach, cheddar and spicy mayo bowl",1 bowl,1000,70,70,45,2,14,6,1350,1000,350,5.5,120,6,15,1,20,library,"the usual; kcal, macros, fiber, Na, iron per user"
2026-10-09#3,2026-10-09,,dinner,"GF bread bites x5, salmon ~6 oz, vegetables ~1.5 cups cooked in 1/2 tbsp oil",1 plate,720,45,55,35,7,8,8,800,1200,150,2.5,100,1.8,60,14,2000,estimate,"kcal, macros, fiber, omega-3, vit D, vit C per user; other micros estimated"
2026-10-09#4,2026-10-09,,snack,Large apple + organic peanut butter,1 + ~3 tbsp,400,15,40,25,8,4,24,150,520,40,1.5,85,1.5,8,0,0,library,"same as Thursday; kcal, macros, fiber, K, Mg per user"
2026-10-09#5,2026-10-09,,snack,GF cheese bread bites,3 bites,120,2,14,6,0.5,2.5,1,210,35,36,0.3,5,0.2,0,0,0,estimate,"~40 kcal each, as at dinner"
2026-10-09#6,2026-10-09,,snack,LMNT electrolyte drink mix,1 stick,10,0,2,0,0,0,0,1000,200,0,0,60,0,0,0,0,label,typical flavored stick per published panel (unflavored is 0 kcal); flavor not stated
