date,day,week,wk_post_op,weight_lb,kcal,protein_g,carbs_g,fat_g,fiber_g,sat_fat_g,sugar_g,sodium_mg,potassium_mg,calcium_mg,iron_mg,magnesium_mg,zinc_mg,vit_c_mg,vit_d_mcg,omega3_mg,shake,creatine,training,notes
2026-09-27,Sun,1,5,,,,,,,,,,,,,,,,,,,,,Pre-logging; no data.
2026-09-28,Mon,1,5,154.0,1925,145,130,95,21,34,30,2350,1750,1850,8.5,310,12,45,10,20,N,Y,,BASELINE 8:30am fasted. Premier latte; Oikos TZ; MTE pkt; apple+2T PB; takeout chicken/rice/cheddar/spicy-mayo bowl; 3 oz cheddar. No dinner; shake missed. Rev 10/8 w/ micros + label data (was 1900/140/120/95).
2026-09-29,Tue,1,6,,2150,170,200,70,18,18,10,2600,2150,1350,14,350,12,65,9.5,40,N,Y,,Premier; Oikos; same takeout bowl; chicken/rice/bean/corn/broccoli skillet ~2c rice 1T oil. Shake missed. Rev 10/8 (was 2110/170/200/70).
2026-09-30,Wed,1,6,,2575,150,210,120,22,44,65,5200,2200,1650,10,310,11.5,35,10,0,N,Y,,Premier; Oikos; 10 Perdue GF tenders+3T BBQ; Wilde chips 1 oz; 2 grilled turkey/cheddar on GF bread; apple+PB. Shake missed. Rev 10/8: tenders per label 73 kcal ea (was 2500/145/195/115).
2026-10-01,Thu,1,6,,2750,120,260,140,20,27,115,3400,2800,1000,9,290,8,65,6,0,N,,,1 oz cheddar; Premier; Nature Valley O&H 2 bars; Kirkland chewy bar 40g; Chick-fil-A 12ct grilled nuggets+L waffle fries+4 CFA sauce+290-kcal lemonade; 6 GF tenders. Creatine not reported. Shake missed. Rev 10/8: Kirkland chewy bar is 10 g P not 21 (was 2700/125/255/135).
2026-10-02,Fri,1,6,,3900,185,335,195,30,70,110,6350,3700,1800,14,410,18,65,8,20,N,Y,,Premier; NV 2 bars; Kirkland chewy bar; GoGo Squeez; 4 grilled tenders+honey mustard+sweet potato fries w/ dip+mashed w/ gravy; 2 turkey/cheddar GF sandwiches; Poppi; half shared loaded brisket fries; Nerds clusters ~45g. First surplus day. Shake missed. Rev 10/8 (was 3900/190/340/190).
2026-10-03,Sat,1,6,156.3,2500,110,240,125,46,24,30,3150,3400,1150,12,490,11.5,80,6.5,20,N,Y,,7:20am fasted. Premier; NV 2 bars; Kirkland chewy bar; Chipotle L chips+L guac; Chipotle bowl (brown rice/pinto/adobo chicken/cheese/corn salsa/lettuce); potato chips ~1.5 oz; Poppi. Shake missed. Rev 10/8 (was 2525/125/245/120). Weekly recap (Sun 9/27 – Sat 10/3): real/checkpoints/2026-10-04.md.
2026-10-04,Sun,2,6,,2425,95,225,130,10,53,90,4500,2150,1250,6.5,190,10,110,4,100,N,Y,,Weight missed. 3 eggs+1 tsp butter+4 bacon+1c strawberries; Culver's regular ('medium') crinkle fries+cheese sauce cup+medium root beer float; Domino's small GF Cali chicken bacon ranch 5/6 slices (label 205 kcal/slice). Shake missed; creatine Y (confirmed 10/8). Rev 10/8 w/ micros + label data (was 2575/85/230/140).
2026-10-05,Mon,2,6,156.0,3775,200,350,175,35,67,125,5450,4450,2150,18.5,480,25.5,65,8,70,N,Y,,6:25am. Premier; Kirkland chewy bar; 1 slice Domino's GF CBR; Bloom Pop raspberry; takeout chicken/rice/spinach/cheddar/spicy-mayo bowl; Uglies sweet potato chips 1 oz bag; beef+mashed potato+cheese bake ~1.25c + baked beans 3/4c + cinnamon applesauce 1/2c; 2nd helping ~80% (no beans); pumpkin bar + 2/3c vanilla ice cream; MTE pkt. Shake missed. First Wk2 day over 3000. Rev 10/8 w/ micros + label data (was 3660/200/345/170).
2026-10-06,Tue,2,7,,2925,150,225,160,25,56,50,4200,3050,2150,14,340,23.5,70,7,40,,Y,,"Premier; Kirkland chewy bar; 2 oz cheddar; smashburger on GF bun (assumed double patty, American, 2 bacon, veg, 1T sauce); potato chips ~1 oz; sweet potato waffle fries ~6 oz + 2T sweet dip; dinner (photo) ~1.25c white rice + ~3 oz ground beef + ~1.5c roasted green beans/carrot/broccoli/onion w/ 1/2T oil + ~2 oz shredded cheddar. Weight and shake not reported. Creatine Y."
2026-10-07,Wed,2,7,,2100,95,160,120,14,26,35,3500,1400,1000,8,230,7,25,6,0,,Y,,Premier; Kirkland chewy bar; Nature Valley O&H 2 bars; 1 oz cheddar; Bloom Pop; TGI Fridays potato skins cheddar & sour cream 3 oz bag (whole bag assumed); 10 Perdue GF tenders + ~3T Terry Ho's yum yum sauce. Protein low (~95). Weight not reported. Creatine Y (confirmed 10/8). Shake no longer a target (instructions updated 10/8).
